{"E":[0.0,1.0,1.0,0.0,1.0,2.0,3.0,4.0,3.0,4.0,5.0,6.0,7.0,6.0,7.0,8.0,9.0,10.0,11.0,12.0,13.0,14.0,15.0,16.0,15.0,14.0,13.0,14.0,15.0,16.0,17.0,17.0,18.0,19.0,20.0,21.0,22.0,23.0,24.0,23.0,24.0,25.0,26.0,25.0,26.0,27.0,27.0,28.0,28.0,28.0,29.0,30.0,31.0,32.0,31.0,32.0,31.0,32.0,33.0,34.0,35.0,35.0,36.0,37.0,37.0,36.0,35.0,36.0,37.0,36.0,35.0,36.0,36.0,37.0,38.0,39.0,40.0,39.0,39.0,38.0,37.0,38.0,39.0,38.0,39.0,40.0,39.0,38.0,39.0,40.0,41.0,41.0,41.0,40.0,41.0,42.0,43.0,42.0,41.0,41.0,40.0,40.0,41.0,41.0,40.0,40.0,41.0,42.0,41.0,41.0,42.0,43.0,42.0,43.0,43.0,44.0,43.0,43.0,42.0,43.0,42.0,43.0,42.0,41.0,42.0,42.0,43.0,44.0,44.0,45.0,46.0,45.0,45.0,46.0,47.0,48.0,49.0,49.0,49.0,50.0,49.0,50.0,50.0,51.0,52.0,51.0,50.0,50.0,49.0,48.0,47.0,46.0,45.0,46.0,47.0,46.0,46.0,45.0,45.0,46.0,45.0,44.0,44.0,44.0,44.0,45.0,44.0,44.0,45.0,45.0,45.0,44.0,45.0,45.0,46.0,46.0,47.0,48.0,47.0,48.0,47.0,46.0,47.0,47.0,47.0,48.0,49.0,49.0,50.0,51.0,52.0,51.0,50.0,49.0,50.0,49.0,49.0,50.0,50.0,49.0,48.0,49.0,48.0,48.0,48.0,49.0,48.0,47.0,47.0,47.0],"t":[0.0,0.26747529261228875,1.4836801260731152,16.6721395617352,17.436844852905455,19.139638831240788,19.891208958609088,20.168700363648572,20.798941476766796,22.405880431341277,23.030974918865684,23.277664829652956,23.48674300720572,23.569123851531252,24.019511969244444,24.274355191788583,24.768289687336505,25.309716974477155,25.382232919928356,25.89197894184123,25.940887538062597,26.333871267181618,26.65058254652858,26.65109732199011,26.715724341435592,26.765611721104662,26.770701050843147,26.880432642138974,27.05672640295943,27.41381012602935,27.564452503084674,27.626890122458377,27.908423367224426,28.64165235993673,28.991602280056448,29.248775549393343,29.290655569528557,29.450050652197127,29.823371501985083,29.86011965162587,29.966486504747813,30.172495285737202,30.312312771088216,30.316940459914626,30.317096684910467,30.452105075343937,30.457532039499302,30.486944104954613,30.500190022408074,31.032649316035783,31.145778744483327,31.702793999976134,31.723855723125112,31.89272558933787,31.96605007703261,32.02499326895129,32.316900424554014,32.36546574182401,32.73343862494457,32.85868096212476,33.111249436043984,33.49856336246001,33.63879061255253,33.974780297277015,34.034520991091654,34.110562396526944,34.26874661287096,34.589159226453404,34.87128790428422,34.924243633309146,35.24939806429805,35.28052706026303,35.32906407492065,35.391600260096666,35.44628993768666,35.48128527885862,35.558766533060506,35.5928365403267,35.65288948874637,35.869777347792144,36.17118926118259,36.43426754971739,36.549436717277224,36.60600281746621,36.69232782012617,36.69925359943951,37.1254230855321,37.14154193838094,37.26368280881222,37.32328534718455,37.37476225404306,37.42612020730001,37.720939662312176,37.7540955487653,37.78397986547744,37.82676426030498,37.96740233155832,38.02057946902598,38.170069827373496,38.23324687274906,38.2715528040078,38.3163457222834,38.34655628438772,38.37726959607712,38.77117357765012,38.78511265938808,38.84227001416849,38.87623155691272,39.15165457692091,39.405809664049364,39.57625288391434,39.664884496928636,39.708367115929484,39.94557492572558,40.045140173867786,40.14891782254807,40.178387517236196,40.24174929841659,40.655555376269454,40.66607864150858,40.7491977854896,40.84532252654445,40.850142156047305,41.08524839862952,41.15494301922125,41.15762328344385,41.33022718450088,41.48916203772706,41.61925954576274,41.664871339323035,41.855479335913806,41.866641850248,41.87911591435371,41.91753157869363,42.02463293662802,42.04297786807309,42.06014413393316,42.12300561095222,42.17838955959229,42.399810187058875,42.42182866742225,42.53365261261354,42.723018362171366,42.766146255693826,42.9892626595111,43.0419083617222,43.07059475383658,43.20298532037785,43.65601340110499,43.734802226285076,43.81874035475717,43.86219695784855,44.013559200227014,44.09114008662729,44.24800669223355,44.27838545133002,44.3423351079871,44.35887571435555,44.728831830462305,44.85823192762839,44.9701737136171,44.97499776914863,45.02543783899467,45.0793907112579,45.17849662868148,45.36964946845908,45.384750962630434,45.505674274842164,45.50701960641556,45.54902998020546,45.619732437180936,45.79230699484799,45.79752834093412,45.927372964312,45.99379692458157,46.01728868659296,46.1064988497874,46.143890432660456,46.26701689988343,46.34042466338932,46.75606198694533,46.95462416262928,47.080829375236796,47.12361784465667,47.1248101628759,47.3481737133936,47.371922563438005,47.49501598367538,47.64416495621708,47.73128238556596,47.7456227332618,47.84850008276872,47.8830377713567,47.96926959464973,47.993859670858306,48.002792301102865,48.053427169869146,48.20199967456582,48.35590412097428,48.42604057026793,48.45317676826717,48.699307282261856,48.708078645888754,48.95710881737444,49.199706002849474,49.33328655222661,49.46818688910326,49.527847396642954,49.86971275524751,50.0],"S":[99.0,98.0,99.0,99.0,98.0,97.0,96.0,95.0,95.0,94.0,93.0,92.0,91.0,91.0,90.0,89.0,88.0,87.0,86.0,85.0,84.0,83.0,82.0,81.0,81.0,81.0,81.0,80.0,79.0,78.0,77.0,78.0,77.0,76.0,75.0,74.0,73.0,72.0,71.0,71.0,70.0,69.0,68.0,68.0,67.0,66.0,67.0,66.0,66.0,66.0,65.0,64.0,63.0,62.0,62.0,61.0,61.0,60.0,59.0,58.0,57.0,58.0,57.0,56.0,57.0,57.0,57.0,56.0,55.0,55.0,55.0,54.0,55.0,54.0,53.0,52.0,51.0,51.0,51.0,51.0,51.0,50.0,49.0,49.0,48.0,47.0,47.0,47.0,46.0,45.0,44.0,44.0,44.0,44.0,43.0,42.0,41.0,41.0,41.0,41.0,41.0,42.0,41.0,42.0,42.0,43.0,42.0,41.0,41.0,41.0,40.0,39.0,39.0,38.0,39.0,38.0,38.0,39.0,39.0,38.0,38.0,37.0,37.0,37.0,36.0,37.0,36.0,35.0,36.0,35.0,34.0,34.0,34.0,33.0,32.0,31.0,30.0,30.0,31.0,30.0,30.0,29.0,29.0,28.0,27.0,27.0,27.0,28.0,28.0,28.0,28.0,28.0,28.0,27.0,26.0,26.0,26.0,26.0,26.0,25.0,25.0,25.0,26.0,26.0,27.0,26.0,26.0,26.0,25.0,25.0,25.0,25.0,24.0,25.0,24.0,24.0,23.0,22.0,22.0,21.0,21.0,21.0,20.0,21.0,21.0,20.0,19.0,19.0,18.0,17.0,16.0,16.0,16.0,16.0,15.0,15.0,16.0,15.0,16.0,16.0,16.0,15.0,15.0,15.0,16.0,15.0,15.0,15.0,16.0,16.0],"sim":{"stepper":"Built-in graph stepper.","postSimConditions":["Condition met when final number of terminal nodes equals 20"],"nSamples":0,"model":{"reactions":["Infection: I + S -> E + I","Activation: E -> I","Recovery: I -> S","Sampling: I -> X"],"population_types":[{"name":"S","dimensions":[]},{"name":"E","dimensions":[]},{"name":"I","dimensions":[]},{"name":"X","dimensions":[]}]},"seed":-1,"simulationTime":50.0,"lineageEndConditions":[],"populationEndConditions":[],"leafCountEndConditions":[]},"X":[0.0,0.0,0.0,0.0,0.0,0.0,0.0,0.0,0.0,0.0,0.0,0.0,0.0,0.0,0.0,0.0,0.0,0.0,0.0,0.0,0.0,0.0,0.0,0.0,0.0,0.0,0.0,0.0,0.0,0.0,0.0,0.0,0.0,0.0,0.0,0.0,0.0,0.0,0.0,0.0,0.0,0.0,0.0,0.0,0.0,0.0,0.0,0.0,1.0,2.0,2.0,2.0,2.0,2.0,2.0,2.0,2.0,2.0,2.0,2.0,2.0,2.0,2.0,2.0,2.0,2.0,2.0,2.0,2.0,2.0,2.0,2.0,2.0,2.0,2.0,2.0,2.0,2.0,3.0,3.0,3.0,3.0,3.0,3.0,3.0,3.0,3.0,3.0,3.0,3.0,3.0,4.0,5.0,5.0,5.0,5.0,5.0,5.0,5.0,6.0,6.0,6.0,6.0,6.0,6.0,6.0,6.0,6.0,6.0,7.0,7.0,7.0,7.0,7.0,7.0,7.0,7.0,7.0,7.0,7.0,7.0,7.0,7.0,7.0,7.0,7.0,7.0,7.0,7.0,7.0,7.0,7.0,8.0,8.0,8.0,8.0,8.0,9.0,9.0,9.0,9.0,9.0,10.0,10.0,10.0,10.0,10.0,10.0,10.0,10.0,10.0,10.0,10.0,10.0,10.0,10.0,11.0,11.0,12.0,12.0,12.0,12.0,12.0,13.0,13.0,13.0,13.0,14.0,14.0,15.0,16.0,16.0,16.0,16.0,16.0,17.0,17.0,17.0,17.0,17.0,17.0,17.0,17.0,17.0,18.0,18.0,18.0,19.0,19.0,19.0,19.0,19.0,19.0,19.0,19.0,19.0,19.0,19.0,19.0,19.0,19.0,19.0,19.0,20.0,20.0,20.0,20.0,20.0,20.0,20.0],